,ID,Offset,Nearby Sequence
0,2,850.0,GAAAAATCTCTTGCTCTAGAGACTAAGAAAAATGAAATATTATCTTCTGAATTATCTTCTTGCCACGAGTCTATTTCTAGTCTTAAGAAATCAAATGTTG
1,2,900.0,ATTATCTTCTTGCCACGAGTCTATTTCTAGTCTTAAGAAATCAAATGTTGATTTAAATGCTAGAATAGAAAATTTAGATATTGCTAGTTCATCTGTGGAA
2,2,950.0,ATTTAAATGCTAGAATAGAAAATTTAGATATTGCTAGTTCATCTGTGGAACATGTCTCTATTTGCAATAGATGTAAAGATTTTGATGTTGATGCTTGCAA
3,2,1000.0,CATGTCTCTATTTGCAATAGATGTAAAGATTTTGATGTTGATGCTTGCAACAATCGTGTTTCTACCATCTCTAGGTTGAATGATGAAAATGCAAACCTTA
4,2,1050.0,CAATCGTGTTTCTACCATCTCTAGGTTGAATGATGAAAATGCAAACCTTAATGCTAAACTTAAAACTTGCAAAATTGAGTGTGAAAAGATAAAATTTGCC
5,2,1500.0,CATACGCCAAGAAAGCAACAAATGGCCCAACTATGCTCTATCGTACTTATGATGCTTCATATGTGCTAAATTGTAAAAATGATAAAGTAGTTGCTAGAAA
6,2,1900.0,TCTTAGTAGAATCGCTTGGTTACAATTTGCTTTCTGTGAGTCAATTATGTCATATGGGCTATAATTTCTTGTATACAAATATTGATGTATATGTATTTAG
7,2,2000.0,AAGAAGTGATGGTTCTTTAGCTTTTAAAGGTTTATTAAATGGCAAGATTTATTTAATTGATTTCACTAAAGAGAATGTCGATCCAGATGCATGTTTAATC
8,2,2050.0,ATTTAATTGATTTCACTAAAGAGAATGTCGATCCAGATGCATGTTTAATCGCTAAGACTAATATGGGCTGGCTCTGGCACCGCCCTCTAGCACATGTTGG
9,2,2100.0,GCTAAGACTAATATGGGCTGGCTCTGGCACCGCCCTCTAGCACATGTTGGAATGAAGAATCTTCATAAGCTTCTAAAGGGAGAACATGTGTTAGGACTAA
10,2,2400.0,TTCACTTGATTATTATTTTTGTAGGATAAATTAGAAACCCAAAGTACACTAAAGCGCTTCCTAAGGAGAGCCCAAAATGAGTTTGAGCTCAAGGTGAAGA
11,2,2500.0,AGATCAGGAGCGATAATGGATCCGAGTTCAAGAATCTTCAAGTGGAAGAGTATCTTGAGGAGGAAGGCATCAAGGATGAGTTATTCGCTCCCTACACGCC
12,2,2550.0,TATCTTGAGGAGGAAGGCATCAAGGATGAGTTATTCGCTCCCTACACGCCACAATAAAACGGTGTAGTAGAAAGGAAGAACAAGACGCTCATCGATATGG
13,2,2750.0,CCTCAAGAAGATGTCTTACGAGCTACTAACCGATAACAAACCCAATGTGTCATACTTTCGTGTCTTTGGAAGCAAATGCTACATCTTAGTTAAAAGAGGT
14,2,2800.0,CATACTTTCGTGTCTTTGGAAGCAAATGCTACATCTTAGTTAAAAGAGGTAGACATTCAAAGTTTGCTGCCAAAACTATAGAAGGGTTTTTTCTAGGTTA
